{
  "rf": {
    "accuracy": 0.9230769230769231,
    "classification_report": {
      "0": {
        "precision": 0.8888888888888888,
        "recall": 0.8,
        "f1-score": 0.8421052631578947,
        "support": 10.0
      },
      "1": {
        "precision": 0.9333333333333333,
        "recall": 0.9655172413793104,
        "f1-score": 0.9491525423728814,
        "support": 29.0
      },
      "accuracy": 0.9230769230769231,
      "macro avg": {
        "precision": 0.9111111111111111,
        "recall": 0.8827586206896552,
        "f1-score": 0.8956289027653881,
        "support": 39.0
      },
      "weighted avg": {
        "precision": 0.9219373219373219,
        "recall": 0.9230769230769231,
        "f1-score": 0.9217045220613463,
        "support": 39.0
      }
    },
    "confusion_matrix": [
      [
        8,
        2
      ],
      [
        1,
        28
      ]
    ],
    "roc_auc": 0.9620689655172414,
    "cm_path": "model_reports\\cm_rf.png",
    "roc_path": "model_reports\\roc_rf.png",
    "best_params": {
      "clf__max_depth": null,
      "clf__n_estimators": 200
    }
  },
  "svm": {
    "accuracy": 0.9230769230769231,
    "classification_report": {
      "0": {
        "precision": 0.8888888888888888,
        "recall": 0.8,
        "f1-score": 0.8421052631578947,
        "support": 10.0
      },
      "1": {
        "precision": 0.9333333333333333,
        "recall": 0.9655172413793104,
        "f1-score": 0.9491525423728814,
        "support": 29.0
      },
      "accuracy": 0.9230769230769231,
      "macro avg": {
        "precision": 0.9111111111111111,
        "recall": 0.8827586206896552,
        "f1-score": 0.8956289027653881,
        "support": 39.0
      },
      "weighted avg": {
        "precision": 0.9219373219373219,
        "recall": 0.9230769230769231,
        "f1-score": 0.9217045220613463,
        "support": 39.0
      }
    },
    "confusion_matrix": [
      [
        8,
        2
      ],
      [
        1,
        28
      ]
    ],
    "roc_auc": 0.9241379310344828,
    "cm_path": "model_reports\\cm_svm.png",
    "roc_path": "model_reports\\roc_svm.png",
    "best_params": {
      "clf__C": 10,
      "clf__gamma": "scale",
      "clf__kernel": "linear"
    }
  },
  "xgb": {
    "accuracy": 0.9230769230769231,
    "classification_report": {
      "0": {
        "precision": 0.8888888888888888,
        "recall": 0.8,
        "f1-score": 0.8421052631578947,
        "support": 10.0
      },
      "1": {
        "precision": 0.9333333333333333,
        "recall": 0.9655172413793104,
        "f1-score": 0.9491525423728814,
        "support": 29.0
      },
      "accuracy": 0.9230769230769231,
      "macro avg": {
        "precision": 0.9111111111111111,
        "recall": 0.8827586206896552,
        "f1-score": 0.8956289027653881,
        "support": 39.0
      },
      "weighted avg": {
        "precision": 0.9219373219373219,
        "recall": 0.9230769230769231,
        "f1-score": 0.9217045220613463,
        "support": 39.0
      }
    },
    "confusion_matrix": [
      [
        8,
        2
      ],
      [
        1,
        28
      ]
    ],
    "roc_auc": 0.9827586206896552,
    "cm_path": "model_reports\\cm_xgb.png",
    "roc_path": "model_reports\\roc_xgb.png",
    "best_params": {
      "clf__max_depth": 3,
      "clf__n_estimators": 100
    }
  },
  "lgb": {
    "accuracy": 0.9230769230769231,
    "classification_report": {
      "0": {
        "precision": 0.8888888888888888,
        "recall": 0.8,
        "f1-score": 0.8421052631578947,
        "support": 10.0
      },
      "1": {
        "precision": 0.9333333333333333,
        "recall": 0.9655172413793104,
        "f1-score": 0.9491525423728814,
        "support": 29.0
      },
      "accuracy": 0.9230769230769231,
      "macro avg": {
        "precision": 0.9111111111111111,
        "recall": 0.8827586206896552,
        "f1-score": 0.8956289027653881,
        "support": 39.0
      },
      "weighted avg": {
        "precision": 0.9219373219373219,
        "recall": 0.9230769230769231,
        "f1-score": 0.9217045220613463,
        "support": 39.0
      }
    },
    "confusion_matrix": [
      [
        8,
        2
      ],
      [
        1,
        28
      ]
    ],
    "roc_auc": 0.9517241379310345,
    "cm_path": "model_reports\\cm_lgb.png",
    "roc_path": "model_reports\\roc_lgb.png",
    "best_params": {
      "clf__max_depth": -1,
      "clf__n_estimators": 100
    }
  }
}